exposure_study,exposure_name,source,class
genebass_ukbwes_p30780_LDL_direct.tsv,LDL,genebass,variant
genebass_ukbwes_p21001_Body_mass_index_BMI.tsv,BMI,genebass,variant
genebass_ukbwes_p30890_Vitamin_D.tsv,VitD,genebass,variant
genebass_ukbwes_p30870_Triglycerides.tsv,Trig,genebass,variant
genebass_ukbwes_p30750_Glycated_haemoglobin_HbA1c.tsv,HbA1c,genebass,variant
genebass_ukbwes_p30100_Mean_platelet_thrombocyte_volume.tsv,PlatVol,genebass,variant
genebass_ukbwes_p30770_IGF-1.tsv,IGF1,genebass,variant
genebass_ukbwes_pWHRadjBMI_custom_Waist-to-hip_ratio_adjusted_for_body_mass_index_WHRadjBMI.tsv,WHRadjBMI,genebass,variant
genebass_ukbwes_p30010_Red_blood_cell_erythrocyte_count.tsv,RBCcount,genebass,variant
genebass_ukbwes_p30040_Mean_corpuscular_volume.tsv,CorpVol,genebass,variant
genebass_ukbwes_p30780_LDL_direct_genetest.tsv,LDL,genebass,mask
genebass_ukbwes_p21001_Body_mass_index_BMI_genetest.tsv,BMI,genebass,mask
genebass_ukbwes_p30890_Vitamin_D_genetest.tsv,VitD,genebass,mask
genebass_ukbwes_p30870_Triglycerides_genetest.tsv,Trig,genebass,mask
genebass_ukbwes_p30750_Glycated_haemoglobin_HbA1c_genetest.tsv,HbA1c,genebass,mask
genebass_ukbwes_p30100_Mean_platelet_thrombocyte_volume_genetest.tsv,PlatVol,genebass,mask
genebass_ukbwes_p30770_IGF-1_genetest.tsv,IGF1,genebass,mask
genebass_ukbwes_pWHRadjBMI_custom_Waist-to-hip_ratio_adjusted_for_body_mass_index_WHRadjBMI_genetest.tsv,WHRadjBMI,genebass,mask
genebass_ukbwes_p30010_Red_blood_cell_erythrocyte_count_genetest.tsv,RBCcount,genebass,mask
genebass_ukbwes_p30040_Mean_corpuscular_volume_genetest.tsv,CorpVol,genebass,mask
ieu-b-110,LDL,opengwas,variant
ukb-b-19953,BMI,opengwas,variant
ebi-a-GCST90000615,VitD,opengwas,variant
ieu-b-111,Trig,opengwas,variant
ebi-a-GCST90014006,HbA1c,opengwas,variant
ebi-a-GCST90013981,PlatVol,opengwas,variant
ebi-a-GCST90014008,IGF1,opengwas,variant
ieu-a-79,WHRadjBMI,opengwas,variant
ebi-a-GCST90013977,RBCcount,opengwas,variant
ebi-a-GCST90013979,CorpVol,opengwas,variant
deeprvat_LDL_direct.csv,LDL,deeprvat,genescore
deeprvat_BMI.csv,BMI,deeprvat,genescore
deeprvat_Vitamin_D.csv,VitD,deeprvat,genescore
deeprvat_Triglycerides.csv,Trig,deeprvat,genescore
deeprvat_HbA1c.csv,HbA1c,deeprvat,genescore
deeprvat_MPTV.csv,PlatVol,deeprvat,genescore
deeprvat_IGF-1.csv,IGF1,deeprvat,genescore
deeprvat_WHR.csv,WHRadjBMI,deeprvat,genescore
deeprvat_Erythrocyte_count.csv,RBCcount,deeprvat,genescore
deeprvat_Mean_corpuscular_volume.csv,CorpVol,deeprvat,genescore
